absolute_day,year,season,day,weekday,note
1,1,0,1,0,
2,1,0,2,1,
3,1,0,3,2,
4,1,0,4,3,
5,1,0,5,4,
6,1,0,6,5,
7,1,0,7,6,
8,1,0,8,0,
9,1,0,9,1,
10,1,0,10,2,
11,1,0,11,3,
12,1,0,12,4,
13,1,0,13,5,
14,1,0,14,6,
15,1,0,15,0,
16,1,0,16,1,
17,1,0,17,2,
18,1,0,18,3,
19,1,0,19,4,
20,1,0,20,5,
21,1,0,21,6,
22,1,0,22,0,
23,1,0,23,1,
24,1,0,24,2,
25,1,0,25,3,
26,1,0,26,4,
27,1,0,27,5,
28,1,0,28,6,
29,1,1,1,0,
30,1,1,2,1,
31,1,1,3,2,
32,1,1,4,3,
33,1,1,5,4,
34,1,1,6,5,
35,1,1,7,6,
36,1,1,8,0,
37,1,1,9,1,
38,1,1,10,2,
39,1,1,11,3,
40,1,1,12,4,
41,1,1,13,5,
42,1,1,14,6,
43,1,1,15,0,
44,1,1,16,1,
45,1,1,17,2,
46,1,1,18,3,
47,1,1,19,4,
48,1,1,20,5,
49,1,1,21,6,
50,1,1,22,0,
51,1,1,23,1,
52,1,1,24,2,
53,1,1,25,3,
54,1,1,26,4,
55,1,1,27,5,
56,1,1,28,6,
57,1,2,1,0,
58,1,2,2,1,
59,1,2,3,2,
60,1,2,4,3,
61,1,2,5,4,
62,1,2,6,5,
63,1,2,7,6,
64,1,2,8,0,
65,1,2,9,1,
66,1,2,10,2,
67,1,2,11,3,
68,1,2,12,4,
69,1,2,13,5,
70,1,2,14,6,
71,1,2,15,0,
72,1,2,16,1,
73,1,2,17,2,
74,1,2,18,3,
75,1,2,19,4,
76,1,2,20,5,
77,1,2,21,6,
78,1,2,22,0,
79,1,2,23,1,
80,1,2,24,2,
81,1,2,25,3,
82,1,2,26,4,
83,1,2,27,5,
84,1,2,28,6,
85,1,3,1,0,
86,1,3,2,1,
87,1,3,3,2,
88,1,3,4,3,
89,1,3,5,4,
90,1,3,6,5,
91,1,3,7,6,
92,1,3,8,0,
93,1,3,9,1,
94,1,3,10,2,
95,1,3,11,3,
96,1,3,12,4,
97,1,3,13,5,
98,1,3,14,6,
99,1,3,15,0,
100,1,3,16,1,
101,1,3,17,2,
102,1,3,18,3,
103,1,3,19,4,
104,1,3,20,5,
105,1,3,21,6,
106,1,3,22,0,
107,1,3,23,1,
108,1,3,24,2,
109,1,3,25,3,
110,1,3,26,4,
111,1,3,27,5,
112,1,3,28,6,
113,2,0,1,0,
114,2,0,2,1,
115,2,0,3,2,
116,2,0,4,3,
117,2,0,5,4,
118,2,0,6,5,
119,2,0,7,6,
120,2,0,8,0,
121,2,0,9,1,
122,2,0,10,2,
123,2,0,11,3,
124,2,0,12,4,
125,2,0,13,5,
126,2,0,14,6,
127,2,0,15,0,
128,2,0,16,1,
129,2,0,17,2,
130,2,0,18,3,
131,2,0,19,4,
132,2,0,20,5,
133,2,0,21,6,
134,2,0,22,0,
135,2,0,23,1,
136,2,0,24,2,
137,2,0,25,3,
138,2,0,26,4,
139,2,0,27,5,
140,2,0,28,6,
141,2,1,1,0,
142,2,1,2,1,
143,2,1,3,2,
144,2,1,4,3,
145,2,1,5,4,
146,2,1,6,5,
147,2,1,7,6,
148,2,1,8,0,
149,2,1,9,1,
150,2,1,10,2,
151,2,1,11,3,
152,2,1,12,4,
153,2,1,13,5,
154,2,1,14,6,
155,2,1,15,0,
156,2,1,16,1,
157,2,1,17,2,
158,2,1,18,3,
159,2,1,19,4,
160,2,1,20,5,
161,2,1,21,6,
162,2,1,22,0,
163,2,1,23,1,
164,2,1,24,2,
165,2,1,25,3,
166,2,1,26,4,
167,2,1,27,5,
168,2,1,28,6,
169,2,2,1,0,
170,2,2,2,1,
171,2,2,3,2,
172,2,2,4,3,
173,2,2,5,4,
174,2,2,6,5,
175,2,2,7,6,
176,2,2,8,0,
177,2,2,9,1,
178,2,2,10,2,
179,2,2,11,3,
180,2,2,12,4,
181,2,2,13,5,
182,2,2,14,6,
183,2,2,15,0,
184,2,2,16,1,
185,2,2,17,2,
186,2,2,18,3,
187,2,2,19,4,
188,2,2,20,5,
189,2,2,21,6,
190,2,2,22,0,
191,2,2,23,1,
192,2,2,24,2,
193,2,2,25,3,
194,2,2,26,4,
195,2,2,27,5,
196,2,2,28,6,
197,2,3,1,0,
198,2,3,2,1,
199,2,3,3,2,
200,2,3,4,3,
201,2,3,5,4,
202,2,3,6,5,
203,2,3,7,6,
204,2,3,8,0,
205,2,3,9,1,
206,2,3,10,2,
207,2,3,11,3,
208,2,3,12,4,
209,2,3,13,5,
210,2,3,14,6,
211,2,3,15,0,
212,2,3,16,1,
213,2,3,17,2,
214,2,3,18,3,
215,2,3,19,4,
216,2,3,20,5,
217,2,3,21,6,
218,2,3,22,0,
219,2,3,23,1,
220,2,3,24,2,
221,2,3,25,3,
222,2,3,26,4,
223,2,3,27,5,
224,2,3,28,6,
225,3,0,1,0,
226,3,0,2,1,
227,3,0,3,2,
228,3,0,4,3,
229,3,0,5,4,
230,3,0,6,5,
231,3,0,7,6,
232,3,0,8,0,
233,3,0,9,1,
234,3,0,10,2,
235,3,0,11,3,
236,3,0,12,4,
237,3,0,13,5,
238,3,0,14,6,
239,3,0,15,0,
240,3,0,16,1,
241,3,0,17,2,
242,3,0,18,3,
243,3,0,19,4,
244,3,0,20,5,
245,3,0,21,6,
246,3,0,22,0,
247,3,0,23,1,
248,3,0,24,2,
249,3,0,25,3,
250,3,0,26,4,
251,3,0,27,5,
252,3,0,28,6,
253,3,1,1,0,
254,3,1,2,1,
255,3,1,3,2,
256,3,1,4,3,
257,3,1,5,4,
258,3,1,6,5,
259,3,1,7,6,
260,3,1,8,0,
261,3,1,9,1,
262,3,1,10,2,
263,3,1,11,3,
264,3,1,12,4,
265,3,1,13,5,
266,3,1,14,6,
267,3,1,15,0,
268,3,1,16,1,
269,3,1,17,2,
270,3,1,18,3,
271,3,1,19,4,
272,3,1,20,5,
273,3,1,21,6,
274,3,1,22,0,
275,3,1,23,1,
276,3,1,24,2,
277,3,1,25,3,
278,3,1,26,4,
279,3,1,27,5,
280,3,1,28,6,
281,3,2,1,0,
282,3,2,2,1,
283,3,2,3,2,
284,3,2,4,3,
285,3,2,5,4,
286,3,2,6,5,
287,3,2,7,6,
288,3,2,8,0,
289,3,2,9,1,
290,3,2,10,2,
291,3,2,11,3,
292,3,2,12,4,
293,3,2,13,5,
294,3,2,14,6,
295,3,2,15,0,
296,3,2,16,1,
297,3,2,17,2,
298,3,2,18,3,
299,3,2,19,4,
300,3,2,20,5,
301,3,2,21,6,
302,3,2,22,0,
303,3,2,23,1,
304,3,2,24,2,
305,3,2,25,3,
306,3,2,26,4,
307,3,2,27,5,
308,3,2,28,6,
309,3,3,1,0,
310,3,3,2,1,
311,3,3,3,2,
312,3,3,4,3,
313,3,3,5,4,
314,3,3,6,5,
315,3,3,7,6,
316,3,3,8,0,
317,3,3,9,1,
318,3,3,10,2,
319,3,3,11,3,
320,3,3,12,4,
321,3,3,13,5,
322,3,3,14,6,
323,3,3,15,0,
324,3,3,16,1,
325,3,3,17,2,
326,3,3,18,3,
327,3,3,19,4,
328,3,3,20,5,
329,3,3,21,6,
330,3,3,22,0,
331,3,3,23,1,
332,3,3,24,2,
333,3,3,25,3,
334,3,3,26,4,
335,3,3,27,5,
336,3,3,28,6,
337,4,0,1,0,
338,4,0,2,1,
339,4,0,3,2,
340,4,0,4,3,
341,4,0,5,4,
342,4,0,6,5,
343,4,0,7,6,
344,4,0,8,0,
345,4,0,9,1,
346,4,0,10,2,
347,4,0,11,3,
348,4,0,12,4,
349,4,0,13,5,
350,4,0,14,6,
351,4,0,15,0,
352,4,0,16,1,
353,4,0,17,2,
354,4,0,18,3,
355,4,0,19,4,
356,4,0,20,5,
357,4,0,21,6,
358,4,0,22,0,
359,4,0,23,1,
360,4,0,24,2,
361,4,0,25,3,
362,4,0,26,4,
363,4,0,27,5,
364,4,0,28,6,
365,4,1,1,0,
366,4,1,2,1,
367,4,1,3,2,
368,4,1,4,3,
369,4,1,5,4,
370,4,1,6,5,
371,4,1,7,6,
372,4,1,8,0,
373,4,1,9,1,
374,4,1,10,2,
375,4,1,11,3,
376,4,1,12,4,
377,4,1,13,5,
378,4,1,14,6,
379,4,1,15,0,
380,4,1,16,1,
381,4,1,17,2,
382,4,1,18,3,
383,4,1,19,4,
384,4,1,20,5,
385,4,1,21,6,
386,4,1,22,0,
387,4,1,23,1,
388,4,1,24,2,
389,4,1,25,3,
390,4,1,26,4,
391,4,1,27,5,
392,4,1,28,6,
393,4,2,1,0,
394,4,2,2,1,
395,4,2,3,2,
396,4,2,4,3,
397,4,2,5,4,
398,4,2,6,5,
399,4,2,7,6,
400,4,2,8,0,
401,4,2,9,1,
402,4,2,10,2,
403,4,2,11,3,
404,4,2,12,4,
405,4,2,13,5,
406,4,2,14,6,
407,4,2,15,0,
408,4,2,16,1,
409,4,2,17,2,
410,4,2,18,3,
411,4,2,19,4,
412,4,2,20,5,
413,4,2,21,6,
414,4,2,22,0,
415,4,2,23,1,
416,4,2,24,2,
417,4,2,25,3,
418,4,2,26,4,
419,4,2,27,5,
420,4,2,28,6,
421,4,3,1,0,
422,4,3,2,1,
423,4,3,3,2,
424,4,3,4,3,
425,4,3,5,4,
426,4,3,6,5,
427,4,3,7,6,
428,4,3,8,0,
429,4,3,9,1,
430,4,3,10,2,
431,4,3,11,3,
432,4,3,12,4,
433,4,3,13,5,
434,4,3,14,6,
435,4,3,15,0,
436,4,3,16,1,
437,4,3,17,2,
438,4,3,18,3,
439,4,3,19,4,
440,4,3,20,5,
441,4,3,21,6,
442,4,3,22,0,
443,4,3,23,1,
444,4,3,24,2,
445,4,3,25,3,
446,4,3,26,4,
447,4,3,27,5,
448,4,3,28,6,
449,5,0,1,0,
450,5,0,2,1,
451,5,0,3,2,
452,5,0,4,3,
453,5,0,5,4,
454,5,0,6,5,
455,5,0,7,6,
456,5,0,8,0,
457,5,0,9,1,
458,5,0,10,2,
459,5,0,11,3,
460,5,0,12,4,
461,5,0,13,5,
462,5,0,14,6,
463,5,0,15,0,
464,5,0,16,1,
465,5,0,17,2,
466,5,0,18,3,
467,5,0,19,4,
468,5,0,20,5,
469,5,0,21,6,
470,5,0,22,0,
471,5,0,23,1,
472,5,0,24,2,
473,5,0,25,3,
474,5,0,26,4,
475,5,0,27,5,
476,5,0,28,6,
477,5,1,1,0,
478,5,1,2,1,
479,5,1,3,2,
480,5,1,4,3,
481,5,1,5,4,
482,5,1,6,5,
483,5,1,7,6,
484,5,1,8,0,
485,5,1,9,1,
486,5,1,10,2,
487,5,1,11,3,
488,5,1,12,4,
489,5,1,13,5,
490,5,1,14,6,
491,5,1,15,0,
492,5,1,16,1,
493,5,1,17,2,
494,5,1,18,3,
495,5,1,19,4,
496,5,1,20,5,
497,5,1,21,6,
498,5,1,22,0,
499,5,1,23,1,
500,5,1,24,2,
501,5,1,25,3,
502,5,1,26,4,
503,5,1,27,5,
504,5,1,28,6,
505,5,2,1,0,
506,5,2,2,1,
507,5,2,3,2,
508,5,2,4,3,
509,5,2,5,4,
510,5,2,6,5,
511,5,2,7,6,
512,5,2,8,0,
513,5,2,9,1,
514,5,2,10,2,
515,5,2,11,3,
516,5,2,12,4,
517,5,2,13,5,
518,5,2,14,6,
519,5,2,15,0,
520,5,2,16,1,
521,5,2,17,2,
522,5,2,18,3,
523,5,2,19,4,
524,5,2,20,5,
525,5,2,21,6,
526,5,2,22,0,
527,5,2,23,1,
528,5,2,24,2,
529,5,2,25,3,
530,5,2,26,4,
531,5,2,27,5,
532,5,2,28,6,
533,5,3,1,0,
534,5,3,2,1,
535,5,3,3,2,
536,5,3,4,3,
537,5,3,5,4,
538,5,3,6,5,
539,5,3,7,6,
540,5,3,8,0,
541,5,3,9,1,
542,5,3,10,2,
543,5,3,11,3,
544,5,3,12,4,
545,5,3,13,5,
546,5,3,14,6,
547,5,3,15,0,
548,5,3,16,1,
549,5,3,17,2,
550,5,3,18,3,
551,5,3,19,4,
552,5,3,20,5,
553,5,3,21,6,
554,5,3,22,0,
555,5,3,23,1,
556,5,3,24,2,
557,5,3,25,3,
558,5,3,26,4,
559,5,3,27,5,
560,5,3,28,6,
561,6,0,1,0,
562,6,0,2,1,
563,6,0,3,2,
564,6,0,4,3,
565,6,0,5,4,
566,6,0,6,5,
567,6,0,7,6,
568,6,0,8,0,
569,6,0,9,1,
570,6,0,10,2,
571,6,0,11,3,
572,6,0,12,4,
573,6,0,13,5,
574,6,0,14,6,
575,6,0,15,0,
576,6,0,16,1,
577,6,0,17,2,
578,6,0,18,3,
579,6,0,19,4,
580,6,0,20,5,
581,6,0,21,6,
582,6,0,22,0,
583,6,0,23,1,
584,6,0,24,2,
585,6,0,25,3,
586,6,0,26,4,
587,6,0,27,5,
588,6,0,28,6,
589,6,1,1,0,
590,6,1,2,1,
591,6,1,3,2,
592,6,1,4,3,
593,6,1,5,4,
594,6,1,6,5,
595,6,1,7,6,
596,6,1,8,0,
597,6,1,9,1,
598,6,1,10,2,
599,6,1,11,3,
600,6,1,12,4,
601,6,1,13,5,
602,6,1,14,6,
603,6,1,15,0,
604,6,1,16,1,
605,6,1,17,2,
606,6,1,18,3,
607,6,1,19,4,
608,6,1,20,5,
609,6,1,21,6,
610,6,1,22,0,
611,6,1,23,1,
612,6,1,24,2,
613,6,1,25,3,
614,6,1,26,4,
615,6,1,27,5,
616,6,1,28,6,
617,6,2,1,0,
618,6,2,2,1,
619,6,2,3,2,
620,6,2,4,3,
621,6,2,5,4,
622,6,2,6,5,
623,6,2,7,6,
624,6,2,8,0,
625,6,2,9,1,
626,6,2,10,2,
627,6,2,11,3,
628,6,2,12,4,
629,6,2,13,5,
630,6,2,14,6,
631,6,2,15,0,
632,6,2,16,1,
633,6,2,17,2,
634,6,2,18,3,
635,6,2,19,4,
636,6,2,20,5,
637,6,2,21,6,
638,6,2,22,0,
639,6,2,23,1,
640,6,2,24,2,
641,6,2,25,3,
642,6,2,26,4,
643,6,2,27,5,
644,6,2,28,6,
645,6,3,1,0,
646,6,3,2,1,
647,6,3,3,2,
648,6,3,4,3,
649,6,3,5,4,
650,6,3,6,5,
651,6,3,7,6,
652,6,3,8,0,
653,6,3,9,1,
654,6,3,10,2,
655,6,3,11,3,
656,6,3,12,4,
657,6,3,13,5,
658,6,3,14,6,
659,6,3,15,0,
660,6,3,16,1,
661,6,3,17,2,
662,6,3,18,3,
663,6,3,19,4,
664,6,3,20,5,
665,6,3,21,6,
666,6,3,22,0,
667,6,3,23,1,
668,6,3,24,2,
669,6,3,25,3,
670,6,3,26,4,
671,6,3,27,5,
672,6,3,28,6,
673,7,0,1,0,
674,7,0,2,1,
675,7,0,3,2,
676,7,0,4,3,
677,7,0,5,4,
678,7,0,6,5,
679,7,0,7,6,
680,7,0,8,0,
681,7,0,9,1,
682,7,0,10,2,
683,7,0,11,3,
684,7,0,12,4,
685,7,0,13,5,
686,7,0,14,6,
687,7,0,15,0,
688,7,0,16,1,
689,7,0,17,2,
690,7,0,18,3,
691,7,0,19,4,
692,7,0,20,5,
693,7,0,21,6,
694,7,0,22,0,
695,7,0,23,1,
696,7,0,24,2,
697,7,0,25,3,
698,7,0,26,4,
699,7,0,27,5,
700,7,0,28,6,
701,7,1,1,0,
702,7,1,2,1,
703,7,1,3,2,
704,7,1,4,3,
705,7,1,5,4,
706,7,1,6,5,
707,7,1,7,6,
708,7,1,8,0,
709,7,1,9,1,
710,7,1,10,2,
711,7,1,11,3,
712,7,1,12,4,
713,7,1,13,5,
714,7,1,14,6,
715,7,1,15,0,
716,7,1,16,1,
717,7,1,17,2,
718,7,1,18,3,
719,7,1,19,4,
720,7,1,20,5,
721,7,1,21,6,
722,7,1,22,0,
723,7,1,23,1,
724,7,1,24,2,
725,7,1,25,3,
726,7,1,26,4,
727,7,1,27,5,
728,7,1,28,6,
729,7,2,1,0,
730,7,2,2,1,
731,7,2,3,2,
732,7,2,4,3,
733,7,2,5,4,
734,7,2,6,5,
735,7,2,7,6,
736,7,2,8,0,
737,7,2,9,1,
738,7,2,10,2,
739,7,2,11,3,
740,7,2,12,4,
741,7,2,13,5,
742,7,2,14,6,
743,7,2,15,0,
744,7,2,16,1,
745,7,2,17,2,
746,7,2,18,3,
747,7,2,19,4,
748,7,2,20,5,
749,7,2,21,6,
750,7,2,22,0,
751,7,2,23,1,
752,7,2,24,2,
753,7,2,25,3,
754,7,2,26,4,
755,7,2,27,5,
756,7,2,28,6,
757,7,3,1,0,
758,7,3,2,1,
759,7,3,3,2,
760,7,3,4,3,
761,7,3,5,4,
762,7,3,6,5,
763,7,3,7,6,
764,7,3,8,0,
765,7,3,9,1,
766,7,3,10,2,
767,7,3,11,3,
768,7,3,12,4,
769,7,3,13,5,
770,7,3,14,6,
771,7,3,15,0,
772,7,3,16,1,
773,7,3,17,2,
774,7,3,18,3,
775,7,3,19,4,
776,7,3,20,5,
777,7,3,21,6,
778,7,3,22,0,
779,7,3,23,1,
780,7,3,24,2,
781,7,3,25,3,
782,7,3,26,4,
783,7,3,27,5,
784,7,3,28,6,
785,8,0,1,0,
786,8,0,2,1,
787,8,0,3,2,
788,8,0,4,3,
789,8,0,5,4,
790,8,0,6,5,
791,8,0,7,6,
792,8,0,8,0,
793,8,0,9,1,
794,8,0,10,2,
795,8,0,11,3,
796,8,0,12,4,
797,8,0,13,5,
798,8,0,14,6,
799,8,0,15,0,
800,8,0,16,1,
801,8,0,17,2,
802,8,0,18,3,
803,8,0,19,4,
804,8,0,20,5,
805,8,0,21,6,
806,8,0,22,0,
807,8,0,23,1,
808,8,0,24,2,
809,8,0,25,3,
810,8,0,26,4,
811,8,0,27,5,
812,8,0,28,6,
813,8,1,1,0,
814,8,1,2,1,
815,8,1,3,2,
816,8,1,4,3,
817,8,1,5,4,
818,8,1,6,5,
819,8,1,7,6,
820,8,1,8,0,
821,8,1,9,1,
822,8,1,10,2,
823,8,1,11,3,
824,8,1,12,4,
825,8,1,13,5,
826,8,1,14,6,
827,8,1,15,0,
828,8,1,16,1,
829,8,1,17,2,
830,8,1,18,3,
831,8,1,19,4,
832,8,1,20,5,
833,8,1,21,6,
834,8,1,22,0,
835,8,1,23,1,
836,8,1,24,2,
837,8,1,25,3,
838,8,1,26,4,
839,8,1,27,5,
840,8,1,28,6,
841,8,2,1,0,
842,8,2,2,1,
843,8,2,3,2,
844,8,2,4,3,
845,8,2,5,4,
846,8,2,6,5,
847,8,2,7,6,
848,8,2,8,0,
849,8,2,9,1,
850,8,2,10,2,
851,8,2,11,3,
852,8,2,12,4,
853,8,2,13,5,
854,8,2,14,6,
855,8,2,15,0,
856,8,2,16,1,
857,8,2,17,2,
858,8,2,18,3,
859,8,2,19,4,
860,8,2,20,5,
861,8,2,21,6,
862,8,2,22,0,
863,8,2,23,1,
864,8,2,24,2,
865,8,2,25,3,
866,8,2,26,4,
867,8,2,27,5,
868,8,2,28,6,
869,8,3,1,0,
870,8,3,2,1,
871,8,3,3,2,
872,8,3,4,3,
873,8,3,5,4,
874,8,3,6,5,
875,8,3,7,6,
876,8,3,8,0,
877,8,3,9,1,
878,8,3,10,2,
879,8,3,11,3,
880,8,3,12,4,
881,8,3,13,5,
882,8,3,14,6,
883,8,3,15,0,
884,8,3,16,1,
885,8,3,17,2,
886,8,3,18,3,
887,8,3,19,4,
888,8,3,20,5,
889,8,3,21,6,
890,8,3,22,0,
891,8,3,23,1,
892,8,3,24,2,
893,8,3,25,3,
894,8,3,26,4,
895,8,3,27,5,
896,8,3,28,6,
897,9,0,1,0,
898,9,0,2,1,
899,9,0,3,2,
900,9,0,4,3,
901,9,0,5,4,
902,9,0,6,5,
903,9,0,7,6,
904,9,0,8,0,
905,9,0,9,1,
906,9,0,10,2,
907,9,0,11,3,
908,9,0,12,4,
909,9,0,13,5,
910,9,0,14,6,
911,9,0,15,0,
912,9,0,16,1,
913,9,0,17,2,
914,9,0,18,3,
915,9,0,19,4,
916,9,0,20,5,
917,9,0,21,6,
918,9,0,22,0,
919,9,0,23,1,
920,9,0,24,2,
921,9,0,25,3,
922,9,0,26,4,
923,9,0,27,5,
924,9,0,28,6,
925,9,1,1,0,
926,9,1,2,1,
927,9,1,3,2,
928,9,1,4,3,
929,9,1,5,4,
930,9,1,6,5,
931,9,1,7,6,
932,9,1,8,0,
933,9,1,9,1,
934,9,1,10,2,
935,9,1,11,3,
936,9,1,12,4,
937,9,1,13,5,
938,9,1,14,6,
939,9,1,15,0,
940,9,1,16,1,
941,9,1,17,2,
942,9,1,18,3,
943,9,1,19,4,
944,9,1,20,5,
945,9,1,21,6,
946,9,1,22,0,
947,9,1,23,1,
948,9,1,24,2,
949,9,1,25,3,
950,9,1,26,4,
951,9,1,27,5,
952,9,1,28,6,
953,9,2,1,0,
954,9,2,2,1,
955,9,2,3,2,
956,9,2,4,3,
957,9,2,5,4,
958,9,2,6,5,
959,9,2,7,6,
960,9,2,8,0,
961,9,2,9,1,
962,9,2,10,2,
963,9,2,11,3,
964,9,2,12,4,
965,9,2,13,5,
966,9,2,14,6,
967,9,2,15,0,
968,9,2,16,1,
969,9,2,17,2,
970,9,2,18,3,
971,9,2,19,4,
972,9,2,20,5,
973,9,2,21,6,
974,9,2,22,0,
975,9,2,23,1,
976,9,2,24,2,
977,9,2,25,3,
978,9,2,26,4,
979,9,2,27,5,
980,9,2,28,6,
981,9,3,1,0,
982,9,3,2,1,
983,9,3,3,2,
984,9,3,4,3,
985,9,3,5,4,
986,9,3,6,5,
987,9,3,7,6,
988,9,3,8,0,
989,9,3,9,1,
990,9,3,10,2,
991,9,3,11,3,
992,9,3,12,4,
993,9,3,13,5,
994,9,3,14,6,
995,9,3,15,0,
996,9,3,16,1,
997,9,3,17,2,
998,9,3,18,3,
999,9,3,19,4,
1000,9,3,20,5,
1001,9,3,21,6,
1002,9,3,22,0,
1003,9,3,23,1,
1004,9,3,24,2,
1005,9,3,25,3,
1006,9,3,26,4,
1007,9,3,27,5,
1008,9,3,28,6,
1009,10,0,1,0,
1010,10,0,2,1,
1011,10,0,3,2,
1012,10,0,4,3,
1013,10,0,5,4,
1014,10,0,6,5,
1015,10,0,7,6,
1016,10,0,8,0,
1017,10,0,9,1,
1018,10,0,10,2,
1019,10,0,11,3,
1020,10,0,12,4,
1021,10,0,13,5,
1022,10,0,14,6,
1023,10,0,15,0,
1024,10,0,16,1,
1025,10,0,17,2,
1026,10,0,18,3,
1027,10,0,19,4,
1028,10,0,20,5,
1029,10,0,21,6,
1030,10,0,22,0,
1031,10,0,23,1,
1032,10,0,24,2,
1033,10,0,25,3,
1034,10,0,26,4,
1035,10,0,27,5,
1036,10,0,28,6,
1037,10,1,1,0,
1038,10,1,2,1,
1039,10,1,3,2,
1040,10,1,4,3,
1041,10,1,5,4,
1042,10,1,6,5,
1043,10,1,7,6,
1044,10,1,8,0,
1045,10,1,9,1,
1046,10,1,10,2,
1047,10,1,11,3,
1048,10,1,12,4,
1049,10,1,13,5,
1050,10,1,14,6,
1051,10,1,15,0,
1052,10,1,16,1,
1053,10,1,17,2,
1054,10,1,18,3,
1055,10,1,19,4,
1056,10,1,20,5,
1057,10,1,21,6,
1058,10,1,22,0,
1059,10,1,23,1,
1060,10,1,24,2,
1061,10,1,25,3,
1062,10,1,26,4,
1063,10,1,27,5,
1064,10,1,28,6,
1065,10,2,1,0,
1066,10,2,2,1,
1067,10,2,3,2,
1068,10,2,4,3,
1069,10,2,5,4,
1070,10,2,6,5,
1071,10,2,7,6,
1072,10,2,8,0,
1073,10,2,9,1,
1074,10,2,10,2,
1075,10,2,11,3,
1076,10,2,12,4,
1077,10,2,13,5,
1078,10,2,14,6,
1079,10,2,15,0,
1080,10,2,16,1,
1081,10,2,17,2,
1082,10,2,18,3,
1083,10,2,19,4,
1084,10,2,20,5,
1085,10,2,21,6,
1086,10,2,22,0,
1087,10,2,23,1,
1088,10,2,24,2,
1089,10,2,25,3,
1090,10,2,26,4,
1091,10,2,27,5,
1092,10,2,28,6,
1093,10,3,1,0,
1094,10,3,2,1,
1095,10,3,3,2,
1096,10,3,4,3,
1097,10,3,5,4,
1098,10,3,6,5,
1099,10,3,7,6,
1100,10,3,8,0,
1101,10,3,9,1,
1102,10,3,10,2,
1103,10,3,11,3,
1104,10,3,12,4,
1105,10,3,13,5,
1106,10,3,14,6,
1107,10,3,15,0,
1108,10,3,16,1,
1109,10,3,17,2,
1110,10,3,18,3,
1111,10,3,19,4,
1112,10,3,20,5,
1113,10,3,21,6,
1114,10,3,22,0,
1115,10,3,23,1,
1116,10,3,24,2,
1117,10,3,25,3,
1118,10,3,26,4,
1119,10,3,27,5,
1120,10,3,28,6,
