absolute_day,weather
1,Auto
2,Auto
3,Auto
4,Auto
5,Auto
6,Auto
7,Auto
8,Auto
9,Auto
10,Auto
11,Auto
12,Auto
13,Auto
14,Auto
15,Auto
16,Auto
17,Auto
18,Auto
19,Auto
20,Auto
21,Auto
22,Auto
23,Auto
24,Auto
25,Auto
26,Auto
27,Auto
28,Auto
29,Auto
30,Auto
31,Auto
32,Auto
33,Auto
34,Auto
35,Auto
36,Auto
37,Auto
38,Auto
39,Auto
40,Auto
41,Auto
42,Auto
43,Auto
44,Auto
45,Auto
46,Auto
47,Auto
48,Auto
49,Auto
50,Auto
51,Auto
52,Auto
53,Auto
54,Auto
55,Auto
56,Auto
57,Auto
58,Auto
59,Auto
60,Auto
61,Auto
62,Auto
63,Auto
64,Auto
65,Auto
66,Auto
67,Auto
68,Auto
69,Auto
70,Auto
71,Auto
72,Auto
73,Auto
74,Auto
75,Auto
76,Auto
77,Auto
78,Auto
79,Auto
80,Auto
81,Auto
82,Auto
83,Auto
84,Auto
85,Auto
86,Auto
87,Auto
88,Auto
89,Auto
90,Auto
91,Auto
92,Auto
93,Auto
94,Auto
95,Auto
96,Auto
97,Auto
98,Auto
99,Auto
100,Auto
101,Auto
102,Auto
103,Auto
104,Auto
105,Auto
106,Auto
107,Auto
108,Auto
109,Auto
110,Auto
111,Auto
112,Auto
113,Auto
114,Auto
115,Auto
116,Auto
117,Auto
118,Auto
119,Auto
120,Auto
121,Auto
122,Auto
123,Auto
124,Auto
125,Auto
126,Auto
127,Auto
128,Auto
129,Auto
130,Auto
131,Auto
132,Auto
133,Auto
134,Auto
135,Auto
136,Auto
137,Auto
138,Auto
139,Auto
140,Auto
141,Auto
142,Auto
143,Auto
144,Auto
145,Auto
146,Auto
147,Auto
148,Auto
149,Auto
150,Auto
151,Auto
152,Auto
153,Auto
154,Auto
155,Auto
156,Auto
157,Auto
158,Auto
159,Auto
160,Auto
161,Auto
162,Auto
163,Auto
164,Auto
165,Auto
166,Auto
167,Auto
168,Auto
169,Auto
170,Auto
171,Auto
172,Auto
173,Auto
174,Auto
175,Auto
176,Auto
177,Auto
178,Auto
179,Auto
180,Auto
181,Auto
182,Auto
183,Auto
184,Auto
185,Auto
186,Auto
187,Auto
188,Auto
189,Auto
190,Auto
191,Auto
192,Auto
193,Auto
194,Auto
195,Auto
196,Auto
197,Auto
198,Auto
199,Auto
200,Auto
201,Auto
202,Auto
203,Auto
204,Auto
205,Auto
206,Auto
207,Auto
208,Auto
209,Auto
210,Auto
211,Auto
212,Auto
213,Auto
214,Auto
215,Auto
216,Auto
217,Auto
218,Auto
219,Auto
220,Auto
221,Auto
222,Auto
223,Auto
224,Auto
225,Auto
226,Auto
227,Auto
228,Auto
229,Auto
230,Auto
231,Auto
232,Auto
233,Auto
234,Auto
235,Auto
236,Auto
237,Auto
238,Auto
239,Auto
240,Auto
241,Auto
242,Auto
243,Auto
244,Auto
245,Auto
246,Auto
247,Auto
248,Auto
249,Auto
250,Auto
251,Auto
252,Auto
253,Auto
254,Auto
255,Auto
256,Auto
257,Auto
258,Auto
259,Auto
260,Auto
261,Auto
262,Auto
263,Auto
264,Auto
265,Auto
266,Auto
267,Auto
268,Auto
269,Auto
270,Auto
271,Auto
272,Auto
273,Auto
274,Auto
275,Auto
276,Auto
277,Auto
278,Auto
279,Auto
280,Auto
281,Auto
282,Auto
283,Auto
284,Auto
285,Auto
286,Auto
287,Auto
288,Auto
289,Auto
290,Auto
291,Auto
292,Auto
293,Auto
294,Auto
295,Auto
296,Auto
297,Auto
298,Auto
299,Auto
300,Auto
301,Auto
302,Auto
303,Auto
304,Auto
305,Auto
306,Auto
307,Auto
308,Auto
309,Auto
310,Auto
311,Auto
312,Auto
313,Auto
314,Auto
315,Auto
316,Auto
317,Auto
318,Auto
319,Auto
320,Auto
321,Auto
322,Auto
323,Auto
324,Auto
325,Auto
326,Auto
327,Auto
328,Auto
329,Auto
330,Auto
331,Auto
332,Auto
333,Auto
334,Auto
335,Auto
336,Auto
337,Auto
338,Auto
339,Auto
340,Auto
341,Auto
342,Auto
343,Auto
344,Auto
345,Auto
346,Auto
347,Auto
348,Auto
349,Auto
350,Auto
351,Auto
352,Auto
353,Auto
354,Auto
355,Auto
356,Auto
357,Auto
358,Auto
359,Auto
360,Auto
361,Auto
362,Auto
363,Auto
364,Auto
365,Auto
366,Auto
367,Auto
368,Auto
369,Auto
370,Auto
371,Auto
372,Auto
373,Auto
374,Auto
375,Auto
376,Auto
377,Auto
378,Auto
379,Auto
380,Auto
381,Auto
382,Auto
383,Auto
384,Auto
385,Auto
386,Auto
387,Auto
388,Auto
389,Auto
390,Auto
391,Auto
392,Auto
393,Auto
394,Auto
395,Auto
396,Auto
397,Auto
398,Auto
399,Auto
400,Auto
401,Auto
402,Auto
403,Auto
404,Auto
405,Auto
406,Auto
407,Auto
408,Auto
409,Auto
410,Auto
411,Auto
412,Auto
413,Auto
414,Auto
415,Auto
416,Auto
417,Auto
418,Auto
419,Auto
420,Auto
421,Auto
422,Auto
423,Auto
424,Auto
425,Auto
426,Auto
427,Auto
428,Auto
429,Auto
430,Auto
431,Auto
432,Auto
433,Auto
434,Auto
435,Auto
436,Auto
437,Auto
438,Auto
439,Auto
440,Auto
441,Auto
442,Auto
443,Auto
444,Auto
445,Auto
446,Auto
447,Auto
448,Auto
449,Auto
450,Auto
451,Auto
452,Auto
453,Auto
454,Auto
455,Auto
456,Auto
457,Auto
458,Auto
459,Auto
460,Auto
461,Auto
462,Auto
463,Auto
464,Auto
465,Auto
466,Auto
467,Auto
468,Auto
469,Auto
470,Auto
471,Auto
472,Auto
473,Auto
474,Auto
475,Auto
476,Auto
477,Auto
478,Auto
479,Auto
480,Auto
481,Auto
482,Auto
483,Auto
484,Auto
485,Auto
486,Auto
487,Auto
488,Auto
489,Auto
490,Auto
491,Auto
492,Auto
493,Auto
494,Auto
495,Auto
496,Auto
497,Auto
498,Auto
499,Auto
500,Auto
501,Auto
502,Auto
503,Auto
504,Auto
505,Auto
506,Auto
507,Auto
508,Auto
509,Auto
510,Auto
511,Auto
512,Auto
513,Auto
514,Auto
515,Auto
516,Auto
517,Auto
518,Auto
519,Auto
520,Auto
521,Auto
522,Auto
523,Auto
524,Auto
525,Auto
526,Auto
527,Auto
528,Auto
529,Auto
530,Auto
531,Auto
532,Auto
533,Auto
534,Auto
535,Auto
536,Auto
537,Auto
538,Auto
539,Auto
540,Auto
541,Auto
542,Auto
543,Auto
544,Auto
545,Auto
546,Auto
547,Auto
548,Auto
549,Auto
550,Auto
551,Auto
552,Auto
553,Auto
554,Auto
555,Auto
556,Auto
557,Auto
558,Auto
559,Auto
560,Auto
561,Auto
562,Auto
563,Auto
564,Auto
565,Auto
566,Auto
567,Auto
568,Auto
569,Auto
570,Auto
571,Auto
572,Auto
573,Auto
574,Auto
575,Auto
576,Auto
577,Auto
578,Auto
579,Auto
580,Auto
581,Auto
582,Auto
583,Auto
584,Auto
585,Auto
586,Auto
587,Auto
588,Auto
589,Auto
590,Auto
591,Auto
592,Auto
593,Auto
594,Auto
595,Auto
596,Auto
597,Auto
598,Auto
599,Auto
600,Auto
601,Auto
602,Auto
603,Auto
604,Auto
605,Auto
606,Auto
607,Auto
608,Auto
609,Auto
610,Auto
611,Auto
612,Auto
613,Auto
614,Auto
615,Auto
616,Auto
617,Auto
618,Auto
619,Auto
620,Auto
621,Auto
622,Auto
623,Auto
624,Auto
625,Auto
626,Auto
627,Auto
628,Auto
629,Auto
630,Auto
631,Auto
632,Auto
633,Auto
634,Auto
635,Auto
636,Auto
637,Auto
638,Auto
639,Auto
640,Auto
641,Auto
642,Auto
643,Auto
644,Auto
645,Auto
646,Auto
647,Auto
648,Auto
649,Auto
650,Auto
651,Auto
652,Auto
653,Auto
654,Auto
655,Auto
656,Auto
657,Auto
658,Auto
659,Auto
660,Auto
661,Auto
662,Auto
663,Auto
664,Auto
665,Auto
666,Auto
667,Auto
668,Auto
669,Auto
670,Auto
671,Auto
672,Auto
673,Auto
674,Auto
675,Auto
676,Auto
677,Auto
678,Auto
679,Auto
680,Auto
681,Auto
682,Auto
683,Auto
684,Auto
685,Auto
686,Auto
687,Auto
688,Auto
689,Auto
690,Auto
691,Auto
692,Auto
693,Auto
694,Auto
695,Auto
696,Auto
697,Auto
698,Auto
699,Auto
700,Auto
701,Auto
702,Auto
703,Auto
704,Auto
705,Auto
706,Auto
707,Auto
708,Auto
709,Auto
710,Auto
711,Auto
712,Auto
713,Auto
714,Auto
715,Auto
716,Auto
717,Auto
718,Auto
719,Auto
720,Auto
721,Auto
722,Auto
723,Auto
724,Auto
725,Auto
726,Auto
727,Auto
728,Auto
729,Auto
730,Auto
731,Auto
732,Auto
733,Auto
734,Auto
735,Auto
736,Auto
737,Auto
738,Auto
739,Auto
740,Auto
741,Auto
742,Auto
743,Auto
744,Auto
745,Auto
746,Auto
747,Auto
748,Auto
749,Auto
750,Auto
751,Auto
752,Auto
753,Auto
754,Auto
755,Auto
756,Auto
757,Auto
758,Auto
759,Auto
760,Auto
761,Auto
762,Auto
763,Auto
764,Auto
765,Auto
766,Auto
767,Auto
768,Auto
769,Auto
770,Auto
771,Auto
772,Auto
773,Auto
774,Auto
775,Auto
776,Auto
777,Auto
778,Auto
779,Auto
780,Auto
781,Auto
782,Auto
783,Auto
784,Auto
785,Auto
786,Auto
787,Auto
788,Auto
789,Auto
790,Auto
791,Auto
792,Auto
793,Auto
794,Auto
795,Auto
796,Auto
797,Auto
798,Auto
799,Auto
800,Auto
801,Auto
802,Auto
803,Auto
804,Auto
805,Auto
806,Auto
807,Auto
808,Auto
809,Auto
810,Auto
811,Auto
812,Auto
813,Auto
814,Auto
815,Auto
816,Auto
817,Auto
818,Auto
819,Auto
820,Auto
821,Auto
822,Auto
823,Auto
824,Auto
825,Auto
826,Auto
827,Auto
828,Auto
829,Auto
830,Auto
831,Auto
832,Auto
833,Auto
834,Auto
835,Auto
836,Auto
837,Auto
838,Auto
839,Auto
840,Auto
841,Auto
842,Auto
843,Auto
844,Auto
845,Auto
846,Auto
847,Auto
848,Auto
849,Auto
850,Auto
851,Auto
852,Auto
853,Auto
854,Auto
855,Auto
856,Auto
857,Auto
858,Auto
859,Auto
860,Auto
861,Auto
862,Auto
863,Auto
864,Auto
865,Auto
866,Auto
867,Auto
868,Auto
869,Auto
870,Auto
871,Auto
872,Auto
873,Auto
874,Auto
875,Auto
876,Auto
877,Auto
878,Auto
879,Auto
880,Auto
881,Auto
882,Auto
883,Auto
884,Auto
885,Auto
886,Auto
887,Auto
888,Auto
889,Auto
890,Auto
891,Auto
892,Auto
893,Auto
894,Auto
895,Auto
896,Auto
897,Auto
898,Auto
899,Auto
900,Auto
901,Auto
902,Auto
903,Auto
904,Auto
905,Auto
906,Auto
907,Auto
908,Auto
909,Auto
910,Auto
911,Auto
912,Auto
913,Auto
914,Auto
915,Auto
916,Auto
917,Auto
918,Auto
919,Auto
920,Auto
921,Auto
922,Auto
923,Auto
924,Auto
925,Auto
926,Auto
927,Auto
928,Auto
929,Auto
930,Auto
931,Auto
932,Auto
933,Auto
934,Auto
935,Auto
936,Auto
937,Auto
938,Auto
939,Auto
940,Auto
941,Auto
942,Auto
943,Auto
944,Auto
945,Auto
946,Auto
947,Auto
948,Auto
949,Auto
950,Auto
951,Auto
952,Auto
953,Auto
954,Auto
955,Auto
956,Auto
957,Auto
958,Auto
959,Auto
960,Auto
961,Auto
962,Auto
963,Auto
964,Auto
965,Auto
966,Auto
967,Auto
968,Auto
969,Auto
970,Auto
971,Auto
972,Auto
973,Auto
974,Auto
975,Auto
976,Auto
977,Auto
978,Auto
979,Auto
980,Auto
981,Auto
982,Auto
983,Auto
984,Auto
985,Auto
986,Auto
987,Auto
988,Auto
989,Auto
990,Auto
991,Auto
992,Auto
993,Auto
994,Auto
995,Auto
996,Auto
997,Auto
998,Auto
999,Auto
1000,Auto
1001,Auto
1002,Auto
1003,Auto
1004,Auto
1005,Auto
1006,Auto
1007,Auto
1008,Auto
1009,Auto
1010,Auto
1011,Auto
1012,Auto
1013,Auto
1014,Auto
1015,Auto
1016,Auto
1017,Auto
1018,Auto
1019,Auto
1020,Auto
1021,Auto
1022,Auto
1023,Auto
1024,Auto
1025,Auto
1026,Auto
1027,Auto
1028,Auto
1029,Auto
1030,Auto
1031,Auto
1032,Auto
1033,Auto
1034,Auto
1035,Auto
1036,Auto
1037,Auto
1038,Auto
1039,Auto
1040,Auto
1041,Auto
1042,Auto
1043,Auto
1044,Auto
1045,Auto
1046,Auto
1047,Auto
1048,Auto
1049,Auto
1050,Auto
1051,Auto
1052,Auto
1053,Auto
1054,Auto
1055,Auto
1056,Auto
1057,Auto
1058,Auto
1059,Auto
1060,Auto
1061,Auto
1062,Auto
1063,Auto
1064,Auto
1065,Auto
1066,Auto
1067,Auto
1068,Auto
1069,Auto
1070,Auto
1071,Auto
1072,Auto
1073,Auto
1074,Auto
1075,Auto
1076,Auto
1077,Auto
1078,Auto
1079,Auto
1080,Auto
1081,Auto
1082,Auto
1083,Auto
1084,Auto
1085,Auto
1086,Auto
1087,Auto
1088,Auto
1089,Auto
1090,Auto
1091,Auto
1092,Auto
1093,Auto
1094,Auto
1095,Auto
1096,Auto
1097,Auto
1098,Auto
1099,Auto
1100,Auto
1101,Auto
1102,Auto
1103,Auto
1104,Auto
1105,Auto
1106,Auto
1107,Auto
1108,Auto
1109,Auto
1110,Auto
1111,Auto
1112,Auto
1113,Auto
1114,Auto
1115,Auto
1116,Auto
1117,Auto
1118,Auto
1119,Auto
1120,Auto
