asset_guid,object_id,asset_name,asset_path,setting,label,value,type,minimum,maximum,description
ad726a9495424bacbe3aa01000000069,11400000,Wild Small,Assets/Nature  Paradaise/Resources/Trees/Wild Small.asset,dryGraceDays,Dry Grace Days,1,Integer,0,,Durasi dalam hari game.
ad726a9495424bacbe3aa01000000069,11400000,Wild Small,Assets/Nature  Paradaise/Resources/Trees/Wild Small.asset,dryGrowthMultiplier,Dry Growth Multiplier,0.25,Float,0,1,"Pengaturan Dry Growth Multiplier pada data game. Nilai awal berasal dari asset, bukan contoh. Lihat Inspector untuk konteks entri."
ad726a9495424bacbe3aa01000000069,11400000,Wild Small,Assets/Nature  Paradaise/Resources/Trees/Wild Small.asset,floweringDays,Flowering Days,2,Integer,1,,Durasi dalam hari game.
ad726a9495424bacbe3aa01000000069,11400000,Wild Small,Assets/Nature  Paradaise/Resources/Trees/Wild Small.asset,fruitAmount,Fruit Amount,1,Integer,1,,Jumlah unit item/hasil untuk entri ini.
ad726a9495424bacbe3aa01000000069,11400000,Wild Small,Assets/Nature  Paradaise/Resources/Trees/Wild Small.asset,fruitGrowthDays,Fruit Growth Days,3,Integer,1,,Durasi dalam hari game.
ad726a9495424bacbe3aa01000000069,11400000,Wild Small,Assets/Nature  Paradaise/Resources/Trees/Wild Small.asset,matureDays,Mature Days,28,Integer,1,,Durasi dalam hari game.
ad726a9495424bacbe3aa01000000069,11400000,Wild Small,Assets/Nature  Paradaise/Resources/Trees/Wild Small.asset,seasonalGrowthMultiplier,Seasonal Growth Multiplier,1.15,Float,1,,"Pengaturan Seasonal Growth Multiplier pada data game. Nilai awal berasal dari asset, bukan contoh. Lihat Inspector untuk konteks entri."
ad726a9495424bacbe3aa01000000069,11400000,Wild Small,Assets/Nature  Paradaise/Resources/Trees/Wild Small.asset,stages.Array.data[0].fromGrowthDay,From Growth Day,0,Integer,0,,"Pengaturan From Growth Day pada data game. Nilai awal berasal dari asset, bukan contoh. Lihat Inspector untuk konteks entri."
ad726a9495424bacbe3aa01000000069,11400000,Wild Small,Assets/Nature  Paradaise/Resources/Trees/Wild Small.asset,stages.Array.data[1].fromGrowthDay,From Growth Day,2,Integer,0,,"Pengaturan From Growth Day pada data game. Nilai awal berasal dari asset, bukan contoh. Lihat Inspector untuk konteks entri."
ad726a9495424bacbe3aa01000000069,11400000,Wild Small,Assets/Nature  Paradaise/Resources/Trees/Wild Small.asset,stages.Array.data[2].fromGrowthDay,From Growth Day,4,Integer,0,,"Pengaturan From Growth Day pada data game. Nilai awal berasal dari asset, bukan contoh. Lihat Inspector untuk konteks entri."
ad726a9495424bacbe3aa01000000069,11400000,Wild Small,Assets/Nature  Paradaise/Resources/Trees/Wild Small.asset,stages.Array.data[3].fromGrowthDay,From Growth Day,11,Integer,0,,"Pengaturan From Growth Day pada data game. Nilai awal berasal dari asset, bukan contoh. Lihat Inspector untuk konteks entri."
ad726a9495424bacbe3aa01000000069,11400000,Wild Small,Assets/Nature  Paradaise/Resources/Trees/Wild Small.asset,stages.Array.data[4].fromGrowthDay,From Growth Day,21,Integer,0,,"Pengaturan From Growth Day pada data game. Nilai awal berasal dari asset, bukan contoh. Lihat Inspector untuk konteks entri."
ad726a9495424bacbe3aa01000000069,11400000,Wild Small,Assets/Nature  Paradaise/Resources/Trees/Wild Small.asset,stages.Array.data[5].fromGrowthDay,From Growth Day,28,Integer,0,,"Pengaturan From Growth Day pada data game. Nilai awal berasal dari asset, bukan contoh. Lihat Inspector untuk konteks entri."
ad726a9495424bacbe3aa01000000069,11400000,Wild Small,Assets/Nature  Paradaise/Resources/Trees/Wild Small.asset,stormDamage,Storm Damage,10,Integer,0,,"Pengaturan Storm Damage pada data game. Nilai awal berasal dari asset, bukan contoh. Lihat Inspector untuk konteks entri."
ad726a9495424bacbe3aa01000000069,11400000,Wild Small,Assets/Nature  Paradaise/Resources/Trees/Wild Small.asset,waterUntilGrowthDay,Water Until Growth Day,21,Integer,0,,"Pengaturan Water Until Growth Day pada data game. Nilai awal berasal dari asset, bukan contoh. Lihat Inspector untuk konteks entri."
ad726a9495424bacbe3aa01000000069,11400000,Wild Small,Assets/Nature  Paradaise/Resources/Trees/Wild Small.asset,wildTree,Wild Tree,TRUE,Boolean,,,"Pengaturan Wild Tree pada data game. Nilai awal berasal dari asset, bukan contoh. Lihat Inspector untuk konteks entri."
ad726a9495424bacbe3aa01000000069,11400000,Wild Small,Assets/Nature  Paradaise/Resources/Trees/Wild Small.asset,youngStormDamageChance,Young Storm Damage Chance,0.15,Float,0,1,Peluang 0..1; 0.25 = 25%.
ad726a9495424bacbe3aa0100000006b,11400000,Pine,Assets/Nature  Paradaise/Resources/Trees/Pine.asset,dryGraceDays,Dry Grace Days,1,Integer,0,,Durasi dalam hari game.
ad726a9495424bacbe3aa0100000006b,11400000,Pine,Assets/Nature  Paradaise/Resources/Trees/Pine.asset,dryGrowthMultiplier,Dry Growth Multiplier,0.25,Float,0,1,"Pengaturan Dry Growth Multiplier pada data game. Nilai awal berasal dari asset, bukan contoh. Lihat Inspector untuk konteks entri."
ad726a9495424bacbe3aa0100000006b,11400000,Pine,Assets/Nature  Paradaise/Resources/Trees/Pine.asset,floweringDays,Flowering Days,2,Integer,1,,Durasi dalam hari game.
ad726a9495424bacbe3aa0100000006b,11400000,Pine,Assets/Nature  Paradaise/Resources/Trees/Pine.asset,fruitAmount,Fruit Amount,1,Integer,1,,Jumlah unit item/hasil untuk entri ini.
ad726a9495424bacbe3aa0100000006b,11400000,Pine,Assets/Nature  Paradaise/Resources/Trees/Pine.asset,fruitGrowthDays,Fruit Growth Days,3,Integer,1,,Durasi dalam hari game.
ad726a9495424bacbe3aa0100000006b,11400000,Pine,Assets/Nature  Paradaise/Resources/Trees/Pine.asset,matureDays,Mature Days,42,Integer,1,,Durasi dalam hari game.
ad726a9495424bacbe3aa0100000006b,11400000,Pine,Assets/Nature  Paradaise/Resources/Trees/Pine.asset,seasonalGrowthMultiplier,Seasonal Growth Multiplier,1.15,Float,1,,"Pengaturan Seasonal Growth Multiplier pada data game. Nilai awal berasal dari asset, bukan contoh. Lihat Inspector untuk konteks entri."
ad726a9495424bacbe3aa0100000006b,11400000,Pine,Assets/Nature  Paradaise/Resources/Trees/Pine.asset,stages.Array.data[0].fromGrowthDay,From Growth Day,0,Integer,0,,"Pengaturan From Growth Day pada data game. Nilai awal berasal dari asset, bukan contoh. Lihat Inspector untuk konteks entri."
ad726a9495424bacbe3aa0100000006b,11400000,Pine,Assets/Nature  Paradaise/Resources/Trees/Pine.asset,stages.Array.data[1].fromGrowthDay,From Growth Day,3,Integer,0,,"Pengaturan From Growth Day pada data game. Nilai awal berasal dari asset, bukan contoh. Lihat Inspector untuk konteks entri."
ad726a9495424bacbe3aa0100000006b,11400000,Pine,Assets/Nature  Paradaise/Resources/Trees/Pine.asset,stages.Array.data[2].fromGrowthDay,From Growth Day,6,Integer,0,,"Pengaturan From Growth Day pada data game. Nilai awal berasal dari asset, bukan contoh. Lihat Inspector untuk konteks entri."
ad726a9495424bacbe3aa0100000006b,11400000,Pine,Assets/Nature  Paradaise/Resources/Trees/Pine.asset,stages.Array.data[3].fromGrowthDay,From Growth Day,16,Integer,0,,"Pengaturan From Growth Day pada data game. Nilai awal berasal dari asset, bukan contoh. Lihat Inspector untuk konteks entri."
ad726a9495424bacbe3aa0100000006b,11400000,Pine,Assets/Nature  Paradaise/Resources/Trees/Pine.asset,stages.Array.data[4].fromGrowthDay,From Growth Day,31,Integer,0,,"Pengaturan From Growth Day pada data game. Nilai awal berasal dari asset, bukan contoh. Lihat Inspector untuk konteks entri."
ad726a9495424bacbe3aa0100000006b,11400000,Pine,Assets/Nature  Paradaise/Resources/Trees/Pine.asset,stages.Array.data[5].fromGrowthDay,From Growth Day,42,Integer,0,,"Pengaturan From Growth Day pada data game. Nilai awal berasal dari asset, bukan contoh. Lihat Inspector untuk konteks entri."
ad726a9495424bacbe3aa0100000006b,11400000,Pine,Assets/Nature  Paradaise/Resources/Trees/Pine.asset,stormDamage,Storm Damage,10,Integer,0,,"Pengaturan Storm Damage pada data game. Nilai awal berasal dari asset, bukan contoh. Lihat Inspector untuk konteks entri."
ad726a9495424bacbe3aa0100000006b,11400000,Pine,Assets/Nature  Paradaise/Resources/Trees/Pine.asset,waterUntilGrowthDay,Water Until Growth Day,31,Integer,0,,"Pengaturan Water Until Growth Day pada data game. Nilai awal berasal dari asset, bukan contoh. Lihat Inspector untuk konteks entri."
ad726a9495424bacbe3aa0100000006b,11400000,Pine,Assets/Nature  Paradaise/Resources/Trees/Pine.asset,wildTree,Wild Tree,TRUE,Boolean,,,"Pengaturan Wild Tree pada data game. Nilai awal berasal dari asset, bukan contoh. Lihat Inspector untuk konteks entri."
ad726a9495424bacbe3aa0100000006b,11400000,Pine,Assets/Nature  Paradaise/Resources/Trees/Pine.asset,youngStormDamageChance,Young Storm Damage Chance,0.15,Float,0,1,Peluang 0..1; 0.25 = 25%.
ad726a9495424bacbe3aa0100000006d,11400000,Oak,Assets/Nature  Paradaise/Resources/Trees/Oak.asset,dryGraceDays,Dry Grace Days,1,Integer,0,,Durasi dalam hari game.
ad726a9495424bacbe3aa0100000006d,11400000,Oak,Assets/Nature  Paradaise/Resources/Trees/Oak.asset,dryGrowthMultiplier,Dry Growth Multiplier,0.25,Float,0,1,"Pengaturan Dry Growth Multiplier pada data game. Nilai awal berasal dari asset, bukan contoh. Lihat Inspector untuk konteks entri."
ad726a9495424bacbe3aa0100000006d,11400000,Oak,Assets/Nature  Paradaise/Resources/Trees/Oak.asset,floweringDays,Flowering Days,2,Integer,1,,Durasi dalam hari game.
ad726a9495424bacbe3aa0100000006d,11400000,Oak,Assets/Nature  Paradaise/Resources/Trees/Oak.asset,fruitAmount,Fruit Amount,1,Integer,1,,Jumlah unit item/hasil untuk entri ini.
ad726a9495424bacbe3aa0100000006d,11400000,Oak,Assets/Nature  Paradaise/Resources/Trees/Oak.asset,fruitGrowthDays,Fruit Growth Days,3,Integer,1,,Durasi dalam hari game.
ad726a9495424bacbe3aa0100000006d,11400000,Oak,Assets/Nature  Paradaise/Resources/Trees/Oak.asset,matureDays,Mature Days,56,Integer,1,,Durasi dalam hari game.
ad726a9495424bacbe3aa0100000006d,11400000,Oak,Assets/Nature  Paradaise/Resources/Trees/Oak.asset,seasonalGrowthMultiplier,Seasonal Growth Multiplier,1.15,Float,1,,"Pengaturan Seasonal Growth Multiplier pada data game. Nilai awal berasal dari asset, bukan contoh. Lihat Inspector untuk konteks entri."
ad726a9495424bacbe3aa0100000006d,11400000,Oak,Assets/Nature  Paradaise/Resources/Trees/Oak.asset,stages.Array.data[0].fromGrowthDay,From Growth Day,0,Integer,0,,"Pengaturan From Growth Day pada data game. Nilai awal berasal dari asset, bukan contoh. Lihat Inspector untuk konteks entri."
ad726a9495424bacbe3aa0100000006d,11400000,Oak,Assets/Nature  Paradaise/Resources/Trees/Oak.asset,stages.Array.data[1].fromGrowthDay,From Growth Day,4,Integer,0,,"Pengaturan From Growth Day pada data game. Nilai awal berasal dari asset, bukan contoh. Lihat Inspector untuk konteks entri."
ad726a9495424bacbe3aa0100000006d,11400000,Oak,Assets/Nature  Paradaise/Resources/Trees/Oak.asset,stages.Array.data[2].fromGrowthDay,From Growth Day,8,Integer,0,,"Pengaturan From Growth Day pada data game. Nilai awal berasal dari asset, bukan contoh. Lihat Inspector untuk konteks entri."
ad726a9495424bacbe3aa0100000006d,11400000,Oak,Assets/Nature  Paradaise/Resources/Trees/Oak.asset,stages.Array.data[3].fromGrowthDay,From Growth Day,22,Integer,0,,"Pengaturan From Growth Day pada data game. Nilai awal berasal dari asset, bukan contoh. Lihat Inspector untuk konteks entri."
ad726a9495424bacbe3aa0100000006d,11400000,Oak,Assets/Nature  Paradaise/Resources/Trees/Oak.asset,stages.Array.data[4].fromGrowthDay,From Growth Day,42,Integer,0,,"Pengaturan From Growth Day pada data game. Nilai awal berasal dari asset, bukan contoh. Lihat Inspector untuk konteks entri."
ad726a9495424bacbe3aa0100000006d,11400000,Oak,Assets/Nature  Paradaise/Resources/Trees/Oak.asset,stages.Array.data[5].fromGrowthDay,From Growth Day,56,Integer,0,,"Pengaturan From Growth Day pada data game. Nilai awal berasal dari asset, bukan contoh. Lihat Inspector untuk konteks entri."
ad726a9495424bacbe3aa0100000006d,11400000,Oak,Assets/Nature  Paradaise/Resources/Trees/Oak.asset,stormDamage,Storm Damage,10,Integer,0,,"Pengaturan Storm Damage pada data game. Nilai awal berasal dari asset, bukan contoh. Lihat Inspector untuk konteks entri."
ad726a9495424bacbe3aa0100000006d,11400000,Oak,Assets/Nature  Paradaise/Resources/Trees/Oak.asset,waterUntilGrowthDay,Water Until Growth Day,42,Integer,0,,"Pengaturan Water Until Growth Day pada data game. Nilai awal berasal dari asset, bukan contoh. Lihat Inspector untuk konteks entri."
ad726a9495424bacbe3aa0100000006d,11400000,Oak,Assets/Nature  Paradaise/Resources/Trees/Oak.asset,wildTree,Wild Tree,TRUE,Boolean,,,"Pengaturan Wild Tree pada data game. Nilai awal berasal dari asset, bukan contoh. Lihat Inspector untuk konteks entri."
ad726a9495424bacbe3aa0100000006d,11400000,Oak,Assets/Nature  Paradaise/Resources/Trees/Oak.asset,youngStormDamageChance,Young Storm Damage Chance,0.15,Float,0,1,Peluang 0..1; 0.25 = 25%.
ad726a9495424bacbe3aa01000000070,11400000,Orange,Assets/Nature  Paradaise/Resources/Trees/Orange.asset,dryGraceDays,Dry Grace Days,1,Integer,0,,Durasi dalam hari game.
ad726a9495424bacbe3aa01000000070,11400000,Orange,Assets/Nature  Paradaise/Resources/Trees/Orange.asset,dryGrowthMultiplier,Dry Growth Multiplier,0.25,Float,0,1,"Pengaturan Dry Growth Multiplier pada data game. Nilai awal berasal dari asset, bukan contoh. Lihat Inspector untuk konteks entri."
ad726a9495424bacbe3aa01000000070,11400000,Orange,Assets/Nature  Paradaise/Resources/Trees/Orange.asset,floweringDays,Flowering Days,2,Integer,1,,Durasi dalam hari game.
ad726a9495424bacbe3aa01000000070,11400000,Orange,Assets/Nature  Paradaise/Resources/Trees/Orange.asset,fruitAmount,Fruit Amount,1,Integer,1,,Jumlah unit item/hasil untuk entri ini.
ad726a9495424bacbe3aa01000000070,11400000,Orange,Assets/Nature  Paradaise/Resources/Trees/Orange.asset,fruitGrowthDays,Fruit Growth Days,3,Integer,1,,Durasi dalam hari game.
ad726a9495424bacbe3aa01000000070,11400000,Orange,Assets/Nature  Paradaise/Resources/Trees/Orange.asset,matureDays,Mature Days,56,Integer,1,,Durasi dalam hari game.
ad726a9495424bacbe3aa01000000070,11400000,Orange,Assets/Nature  Paradaise/Resources/Trees/Orange.asset,seasonalGrowthMultiplier,Seasonal Growth Multiplier,1.15,Float,1,,"Pengaturan Seasonal Growth Multiplier pada data game. Nilai awal berasal dari asset, bukan contoh. Lihat Inspector untuk konteks entri."
ad726a9495424bacbe3aa01000000070,11400000,Orange,Assets/Nature  Paradaise/Resources/Trees/Orange.asset,stages.Array.data[0].fromGrowthDay,From Growth Day,0,Integer,0,,"Pengaturan From Growth Day pada data game. Nilai awal berasal dari asset, bukan contoh. Lihat Inspector untuk konteks entri."
ad726a9495424bacbe3aa01000000070,11400000,Orange,Assets/Nature  Paradaise/Resources/Trees/Orange.asset,stages.Array.data[1].fromGrowthDay,From Growth Day,4,Integer,0,,"Pengaturan From Growth Day pada data game. Nilai awal berasal dari asset, bukan contoh. Lihat Inspector untuk konteks entri."
ad726a9495424bacbe3aa01000000070,11400000,Orange,Assets/Nature  Paradaise/Resources/Trees/Orange.asset,stages.Array.data[2].fromGrowthDay,From Growth Day,8,Integer,0,,"Pengaturan From Growth Day pada data game. Nilai awal berasal dari asset, bukan contoh. Lihat Inspector untuk konteks entri."
ad726a9495424bacbe3aa01000000070,11400000,Orange,Assets/Nature  Paradaise/Resources/Trees/Orange.asset,stages.Array.data[3].fromGrowthDay,From Growth Day,22,Integer,0,,"Pengaturan From Growth Day pada data game. Nilai awal berasal dari asset, bukan contoh. Lihat Inspector untuk konteks entri."
ad726a9495424bacbe3aa01000000070,11400000,Orange,Assets/Nature  Paradaise/Resources/Trees/Orange.asset,stages.Array.data[4].fromGrowthDay,From Growth Day,42,Integer,0,,"Pengaturan From Growth Day pada data game. Nilai awal berasal dari asset, bukan contoh. Lihat Inspector untuk konteks entri."
ad726a9495424bacbe3aa01000000070,11400000,Orange,Assets/Nature  Paradaise/Resources/Trees/Orange.asset,stages.Array.data[5].fromGrowthDay,From Growth Day,56,Integer,0,,"Pengaturan From Growth Day pada data game. Nilai awal berasal dari asset, bukan contoh. Lihat Inspector untuk konteks entri."
ad726a9495424bacbe3aa01000000070,11400000,Orange,Assets/Nature  Paradaise/Resources/Trees/Orange.asset,stormDamage,Storm Damage,10,Integer,0,,"Pengaturan Storm Damage pada data game. Nilai awal berasal dari asset, bukan contoh. Lihat Inspector untuk konteks entri."
ad726a9495424bacbe3aa01000000070,11400000,Orange,Assets/Nature  Paradaise/Resources/Trees/Orange.asset,waterUntilGrowthDay,Water Until Growth Day,42,Integer,0,,"Pengaturan Water Until Growth Day pada data game. Nilai awal berasal dari asset, bukan contoh. Lihat Inspector untuk konteks entri."
ad726a9495424bacbe3aa01000000070,11400000,Orange,Assets/Nature  Paradaise/Resources/Trees/Orange.asset,wildTree,Wild Tree,FALSE,Boolean,,,"Pengaturan Wild Tree pada data game. Nilai awal berasal dari asset, bukan contoh. Lihat Inspector untuk konteks entri."
ad726a9495424bacbe3aa01000000070,11400000,Orange,Assets/Nature  Paradaise/Resources/Trees/Orange.asset,youngStormDamageChance,Young Storm Damage Chance,0.15,Float,0,1,Peluang 0..1; 0.25 = 25%.
ad726a9495424bacbe3aa01000000073,11400000,Apple,Assets/Nature  Paradaise/Resources/Trees/Apple.asset,dryGraceDays,Dry Grace Days,1,Integer,0,,Durasi dalam hari game.
ad726a9495424bacbe3aa01000000073,11400000,Apple,Assets/Nature  Paradaise/Resources/Trees/Apple.asset,dryGrowthMultiplier,Dry Growth Multiplier,0.25,Float,0,1,"Pengaturan Dry Growth Multiplier pada data game. Nilai awal berasal dari asset, bukan contoh. Lihat Inspector untuk konteks entri."
ad726a9495424bacbe3aa01000000073,11400000,Apple,Assets/Nature  Paradaise/Resources/Trees/Apple.asset,floweringDays,Flowering Days,2,Integer,1,,Durasi dalam hari game.
ad726a9495424bacbe3aa01000000073,11400000,Apple,Assets/Nature  Paradaise/Resources/Trees/Apple.asset,fruitAmount,Fruit Amount,1,Integer,1,,Jumlah unit item/hasil untuk entri ini.
ad726a9495424bacbe3aa01000000073,11400000,Apple,Assets/Nature  Paradaise/Resources/Trees/Apple.asset,fruitGrowthDays,Fruit Growth Days,3,Integer,1,,Durasi dalam hari game.
ad726a9495424bacbe3aa01000000073,11400000,Apple,Assets/Nature  Paradaise/Resources/Trees/Apple.asset,matureDays,Mature Days,56,Integer,1,,Durasi dalam hari game.
ad726a9495424bacbe3aa01000000073,11400000,Apple,Assets/Nature  Paradaise/Resources/Trees/Apple.asset,seasonalGrowthMultiplier,Seasonal Growth Multiplier,1.15,Float,1,,"Pengaturan Seasonal Growth Multiplier pada data game. Nilai awal berasal dari asset, bukan contoh. Lihat Inspector untuk konteks entri."
ad726a9495424bacbe3aa01000000073,11400000,Apple,Assets/Nature  Paradaise/Resources/Trees/Apple.asset,stages.Array.data[0].fromGrowthDay,From Growth Day,0,Integer,0,,"Pengaturan From Growth Day pada data game. Nilai awal berasal dari asset, bukan contoh. Lihat Inspector untuk konteks entri."
ad726a9495424bacbe3aa01000000073,11400000,Apple,Assets/Nature  Paradaise/Resources/Trees/Apple.asset,stages.Array.data[1].fromGrowthDay,From Growth Day,4,Integer,0,,"Pengaturan From Growth Day pada data game. Nilai awal berasal dari asset, bukan contoh. Lihat Inspector untuk konteks entri."
ad726a9495424bacbe3aa01000000073,11400000,Apple,Assets/Nature  Paradaise/Resources/Trees/Apple.asset,stages.Array.data[2].fromGrowthDay,From Growth Day,8,Integer,0,,"Pengaturan From Growth Day pada data game. Nilai awal berasal dari asset, bukan contoh. Lihat Inspector untuk konteks entri."
ad726a9495424bacbe3aa01000000073,11400000,Apple,Assets/Nature  Paradaise/Resources/Trees/Apple.asset,stages.Array.data[3].fromGrowthDay,From Growth Day,22,Integer,0,,"Pengaturan From Growth Day pada data game. Nilai awal berasal dari asset, bukan contoh. Lihat Inspector untuk konteks entri."
ad726a9495424bacbe3aa01000000073,11400000,Apple,Assets/Nature  Paradaise/Resources/Trees/Apple.asset,stages.Array.data[4].fromGrowthDay,From Growth Day,42,Integer,0,,"Pengaturan From Growth Day pada data game. Nilai awal berasal dari asset, bukan contoh. Lihat Inspector untuk konteks entri."
ad726a9495424bacbe3aa01000000073,11400000,Apple,Assets/Nature  Paradaise/Resources/Trees/Apple.asset,stages.Array.data[5].fromGrowthDay,From Growth Day,56,Integer,0,,"Pengaturan From Growth Day pada data game. Nilai awal berasal dari asset, bukan contoh. Lihat Inspector untuk konteks entri."
ad726a9495424bacbe3aa01000000073,11400000,Apple,Assets/Nature  Paradaise/Resources/Trees/Apple.asset,stormDamage,Storm Damage,10,Integer,0,,"Pengaturan Storm Damage pada data game. Nilai awal berasal dari asset, bukan contoh. Lihat Inspector untuk konteks entri."
ad726a9495424bacbe3aa01000000073,11400000,Apple,Assets/Nature  Paradaise/Resources/Trees/Apple.asset,waterUntilGrowthDay,Water Until Growth Day,42,Integer,0,,"Pengaturan Water Until Growth Day pada data game. Nilai awal berasal dari asset, bukan contoh. Lihat Inspector untuk konteks entri."
ad726a9495424bacbe3aa01000000073,11400000,Apple,Assets/Nature  Paradaise/Resources/Trees/Apple.asset,wildTree,Wild Tree,FALSE,Boolean,,,"Pengaturan Wild Tree pada data game. Nilai awal berasal dari asset, bukan contoh. Lihat Inspector untuk konteks entri."
ad726a9495424bacbe3aa01000000073,11400000,Apple,Assets/Nature  Paradaise/Resources/Trees/Apple.asset,youngStormDamageChance,Young Storm Damage Chance,0.15,Float,0,1,Peluang 0..1; 0.25 = 25%.
ad726a9495424bacbe3aa01000000076,11400000,Mango,Assets/Nature  Paradaise/Resources/Trees/Mango.asset,dryGraceDays,Dry Grace Days,1,Integer,0,,Durasi dalam hari game.
ad726a9495424bacbe3aa01000000076,11400000,Mango,Assets/Nature  Paradaise/Resources/Trees/Mango.asset,dryGrowthMultiplier,Dry Growth Multiplier,0.25,Float,0,1,"Pengaturan Dry Growth Multiplier pada data game. Nilai awal berasal dari asset, bukan contoh. Lihat Inspector untuk konteks entri."
ad726a9495424bacbe3aa01000000076,11400000,Mango,Assets/Nature  Paradaise/Resources/Trees/Mango.asset,floweringDays,Flowering Days,2,Integer,1,,Durasi dalam hari game.
ad726a9495424bacbe3aa01000000076,11400000,Mango,Assets/Nature  Paradaise/Resources/Trees/Mango.asset,fruitAmount,Fruit Amount,1,Integer,1,,Jumlah unit item/hasil untuk entri ini.
ad726a9495424bacbe3aa01000000076,11400000,Mango,Assets/Nature  Paradaise/Resources/Trees/Mango.asset,fruitGrowthDays,Fruit Growth Days,3,Integer,1,,Durasi dalam hari game.
ad726a9495424bacbe3aa01000000076,11400000,Mango,Assets/Nature  Paradaise/Resources/Trees/Mango.asset,matureDays,Mature Days,84,Integer,1,,Durasi dalam hari game.
ad726a9495424bacbe3aa01000000076,11400000,Mango,Assets/Nature  Paradaise/Resources/Trees/Mango.asset,seasonalGrowthMultiplier,Seasonal Growth Multiplier,1.15,Float,1,,"Pengaturan Seasonal Growth Multiplier pada data game. Nilai awal berasal dari asset, bukan contoh. Lihat Inspector untuk konteks entri."
ad726a9495424bacbe3aa01000000076,11400000,Mango,Assets/Nature  Paradaise/Resources/Trees/Mango.asset,stages.Array.data[0].fromGrowthDay,From Growth Day,0,Integer,0,,"Pengaturan From Growth Day pada data game. Nilai awal berasal dari asset, bukan contoh. Lihat Inspector untuk konteks entri."
ad726a9495424bacbe3aa01000000076,11400000,Mango,Assets/Nature  Paradaise/Resources/Trees/Mango.asset,stages.Array.data[1].fromGrowthDay,From Growth Day,6,Integer,0,,"Pengaturan From Growth Day pada data game. Nilai awal berasal dari asset, bukan contoh. Lihat Inspector untuk konteks entri."
ad726a9495424bacbe3aa01000000076,11400000,Mango,Assets/Nature  Paradaise/Resources/Trees/Mango.asset,stages.Array.data[2].fromGrowthDay,From Growth Day,12,Integer,0,,"Pengaturan From Growth Day pada data game. Nilai awal berasal dari asset, bukan contoh. Lihat Inspector untuk konteks entri."
ad726a9495424bacbe3aa01000000076,11400000,Mango,Assets/Nature  Paradaise/Resources/Trees/Mango.asset,stages.Array.data[3].fromGrowthDay,From Growth Day,33,Integer,0,,"Pengaturan From Growth Day pada data game. Nilai awal berasal dari asset, bukan contoh. Lihat Inspector untuk konteks entri."
ad726a9495424bacbe3aa01000000076,11400000,Mango,Assets/Nature  Paradaise/Resources/Trees/Mango.asset,stages.Array.data[4].fromGrowthDay,From Growth Day,63,Integer,0,,"Pengaturan From Growth Day pada data game. Nilai awal berasal dari asset, bukan contoh. Lihat Inspector untuk konteks entri."
ad726a9495424bacbe3aa01000000076,11400000,Mango,Assets/Nature  Paradaise/Resources/Trees/Mango.asset,stages.Array.data[5].fromGrowthDay,From Growth Day,84,Integer,0,,"Pengaturan From Growth Day pada data game. Nilai awal berasal dari asset, bukan contoh. Lihat Inspector untuk konteks entri."
ad726a9495424bacbe3aa01000000076,11400000,Mango,Assets/Nature  Paradaise/Resources/Trees/Mango.asset,stormDamage,Storm Damage,10,Integer,0,,"Pengaturan Storm Damage pada data game. Nilai awal berasal dari asset, bukan contoh. Lihat Inspector untuk konteks entri."
ad726a9495424bacbe3aa01000000076,11400000,Mango,Assets/Nature  Paradaise/Resources/Trees/Mango.asset,waterUntilGrowthDay,Water Until Growth Day,63,Integer,0,,"Pengaturan Water Until Growth Day pada data game. Nilai awal berasal dari asset, bukan contoh. Lihat Inspector untuk konteks entri."
ad726a9495424bacbe3aa01000000076,11400000,Mango,Assets/Nature  Paradaise/Resources/Trees/Mango.asset,wildTree,Wild Tree,FALSE,Boolean,,,"Pengaturan Wild Tree pada data game. Nilai awal berasal dari asset, bukan contoh. Lihat Inspector untuk konteks entri."
ad726a9495424bacbe3aa01000000076,11400000,Mango,Assets/Nature  Paradaise/Resources/Trees/Mango.asset,youngStormDamageChance,Young Storm Damage Chance,0.15,Float,0,1,Peluang 0..1; 0.25 = 25%.
ad726a9495424bacbe3aa01000000079,11400000,Coconut,Assets/Nature  Paradaise/Resources/Trees/Coconut.asset,dryGraceDays,Dry Grace Days,1,Integer,0,,Durasi dalam hari game.
ad726a9495424bacbe3aa01000000079,11400000,Coconut,Assets/Nature  Paradaise/Resources/Trees/Coconut.asset,dryGrowthMultiplier,Dry Growth Multiplier,0.25,Float,0,1,"Pengaturan Dry Growth Multiplier pada data game. Nilai awal berasal dari asset, bukan contoh. Lihat Inspector untuk konteks entri."
ad726a9495424bacbe3aa01000000079,11400000,Coconut,Assets/Nature  Paradaise/Resources/Trees/Coconut.asset,floweringDays,Flowering Days,2,Integer,1,,Durasi dalam hari game.
ad726a9495424bacbe3aa01000000079,11400000,Coconut,Assets/Nature  Paradaise/Resources/Trees/Coconut.asset,fruitAmount,Fruit Amount,1,Integer,1,,Jumlah unit item/hasil untuk entri ini.
ad726a9495424bacbe3aa01000000079,11400000,Coconut,Assets/Nature  Paradaise/Resources/Trees/Coconut.asset,fruitGrowthDays,Fruit Growth Days,3,Integer,1,,Durasi dalam hari game.
ad726a9495424bacbe3aa01000000079,11400000,Coconut,Assets/Nature  Paradaise/Resources/Trees/Coconut.asset,matureDays,Mature Days,84,Integer,1,,Durasi dalam hari game.
ad726a9495424bacbe3aa01000000079,11400000,Coconut,Assets/Nature  Paradaise/Resources/Trees/Coconut.asset,seasonalGrowthMultiplier,Seasonal Growth Multiplier,1.15,Float,1,,"Pengaturan Seasonal Growth Multiplier pada data game. Nilai awal berasal dari asset, bukan contoh. Lihat Inspector untuk konteks entri."
ad726a9495424bacbe3aa01000000079,11400000,Coconut,Assets/Nature  Paradaise/Resources/Trees/Coconut.asset,stages.Array.data[0].fromGrowthDay,From Growth Day,0,Integer,0,,"Pengaturan From Growth Day pada data game. Nilai awal berasal dari asset, bukan contoh. Lihat Inspector untuk konteks entri."
ad726a9495424bacbe3aa01000000079,11400000,Coconut,Assets/Nature  Paradaise/Resources/Trees/Coconut.asset,stages.Array.data[1].fromGrowthDay,From Growth Day,6,Integer,0,,"Pengaturan From Growth Day pada data game. Nilai awal berasal dari asset, bukan contoh. Lihat Inspector untuk konteks entri."
ad726a9495424bacbe3aa01000000079,11400000,Coconut,Assets/Nature  Paradaise/Resources/Trees/Coconut.asset,stages.Array.data[2].fromGrowthDay,From Growth Day,12,Integer,0,,"Pengaturan From Growth Day pada data game. Nilai awal berasal dari asset, bukan contoh. Lihat Inspector untuk konteks entri."
ad726a9495424bacbe3aa01000000079,11400000,Coconut,Assets/Nature  Paradaise/Resources/Trees/Coconut.asset,stages.Array.data[3].fromGrowthDay,From Growth Day,33,Integer,0,,"Pengaturan From Growth Day pada data game. Nilai awal berasal dari asset, bukan contoh. Lihat Inspector untuk konteks entri."
ad726a9495424bacbe3aa01000000079,11400000,Coconut,Assets/Nature  Paradaise/Resources/Trees/Coconut.asset,stages.Array.data[4].fromGrowthDay,From Growth Day,63,Integer,0,,"Pengaturan From Growth Day pada data game. Nilai awal berasal dari asset, bukan contoh. Lihat Inspector untuk konteks entri."
ad726a9495424bacbe3aa01000000079,11400000,Coconut,Assets/Nature  Paradaise/Resources/Trees/Coconut.asset,stages.Array.data[5].fromGrowthDay,From Growth Day,84,Integer,0,,"Pengaturan From Growth Day pada data game. Nilai awal berasal dari asset, bukan contoh. Lihat Inspector untuk konteks entri."
ad726a9495424bacbe3aa01000000079,11400000,Coconut,Assets/Nature  Paradaise/Resources/Trees/Coconut.asset,stormDamage,Storm Damage,10,Integer,0,,"Pengaturan Storm Damage pada data game. Nilai awal berasal dari asset, bukan contoh. Lihat Inspector untuk konteks entri."
ad726a9495424bacbe3aa01000000079,11400000,Coconut,Assets/Nature  Paradaise/Resources/Trees/Coconut.asset,waterUntilGrowthDay,Water Until Growth Day,63,Integer,0,,"Pengaturan Water Until Growth Day pada data game. Nilai awal berasal dari asset, bukan contoh. Lihat Inspector untuk konteks entri."
ad726a9495424bacbe3aa01000000079,11400000,Coconut,Assets/Nature  Paradaise/Resources/Trees/Coconut.asset,wildTree,Wild Tree,FALSE,Boolean,,,"Pengaturan Wild Tree pada data game. Nilai awal berasal dari asset, bukan contoh. Lihat Inspector untuk konteks entri."
ad726a9495424bacbe3aa01000000079,11400000,Coconut,Assets/Nature  Paradaise/Resources/Trees/Coconut.asset,youngStormDamageChance,Young Storm Damage Chance,0.15,Float,0,1,Peluang 0..1; 0.25 = 25%.
aeb5c359b8bdd284a8cf97641c78750e,4606311399060261366,P_OakTree3_Interactive,Assets/Nature  Paradaise/Resources/Prefabs/Trees/P_OakTree3_Interactive.prefab,canRespawn,Can Respawn,TRUE,Boolean,,,"Pengaturan Can Respawn pada data game. Nilai awal berasal dari asset, bukan contoh. Lihat Inspector untuk konteks entri."
aeb5c359b8bdd284a8cf97641c78750e,4606311399060261366,P_OakTree3_Interactive,Assets/Nature  Paradaise/Resources/Prefabs/Trees/P_OakTree3_Interactive.prefab,damagePerHit,Damage Per Hit,1,Integer,1,,"Pengaturan Damage Per Hit pada data game. Nilai awal berasal dari asset, bukan contoh. Lihat Inspector untuk konteks entri."
aeb5c359b8bdd284a8cf97641c78750e,4606311399060261366,P_OakTree3_Interactive,Assets/Nature  Paradaise/Resources/Prefabs/Trees/P_OakTree3_Interactive.prefab,maximumRespawnDays,Maximum Respawn Days,7,Integer,1,,Durasi dalam hari game.
aeb5c359b8bdd284a8cf97641c78750e,4606311399060261366,P_OakTree3_Interactive,Assets/Nature  Paradaise/Resources/Prefabs/Trees/P_OakTree3_Interactive.prefab,minimumAxeLevel,Minimum Axe Level,1,Integer,1,,"Pengaturan Minimum Axe Level pada data game. Nilai awal berasal dari asset, bukan contoh. Lihat Inspector untuk konteks entri."
aeb5c359b8bdd284a8cf97641c78750e,4606311399060261366,P_OakTree3_Interactive,Assets/Nature  Paradaise/Resources/Prefabs/Trees/P_OakTree3_Interactive.prefab,minimumRespawnDays,Minimum Respawn Days,4,Integer,1,,Durasi dalam hari game.
aeb5c359b8bdd284a8cf97641c78750e,4606311399060261366,P_OakTree3_Interactive,Assets/Nature  Paradaise/Resources/Prefabs/Trees/P_OakTree3_Interactive.prefab,standingDurability,Standing Durability,5,Integer,1,,Ketahanan resource sebelum habis; berkurang saat dipukul.
aeb5c359b8bdd284a8cf97641c78750e,4606311399060261366,P_OakTree3_Interactive,Assets/Nature  Paradaise/Resources/Prefabs/Trees/P_OakTree3_Interactive.prefab,standingWoodMaximum,Standing Wood Maximum,5,Integer,1,,Batas jumlah Wood yang dijatuhkan batang/tunggul.
aeb5c359b8bdd284a8cf97641c78750e,4606311399060261366,P_OakTree3_Interactive,Assets/Nature  Paradaise/Resources/Prefabs/Trees/P_OakTree3_Interactive.prefab,standingWoodMinimum,Standing Wood Minimum,3,Integer,1,,Batas jumlah Wood yang dijatuhkan batang/tunggul.
aeb5c359b8bdd284a8cf97641c78750e,4606311399060261366,P_OakTree3_Interactive,Assets/Nature  Paradaise/Resources/Prefabs/Trees/P_OakTree3_Interactive.prefab,stumpDurability,Stump Durability,3,Integer,1,,Ketahanan resource sebelum habis; berkurang saat dipukul.
aeb5c359b8bdd284a8cf97641c78750e,4606311399060261366,P_OakTree3_Interactive,Assets/Nature  Paradaise/Resources/Prefabs/Trees/P_OakTree3_Interactive.prefab,stumpWoodMaximum,Stump Wood Maximum,2,Integer,1,,Batas jumlah Wood yang dijatuhkan batang/tunggul.
aeb5c359b8bdd284a8cf97641c78750e,4606311399060261366,P_OakTree3_Interactive,Assets/Nature  Paradaise/Resources/Prefabs/Trees/P_OakTree3_Interactive.prefab,stumpWoodMinimum,Stump Wood Minimum,1,Integer,1,,Batas jumlah Wood yang dijatuhkan batang/tunggul.
e32a06116daf4ae4da6fbc6ad4d487eb,1941905062422378443,P_OakTree3_Interactive 1,Assets/Nature  Paradaise/Resources/Prefabs/Trees/P_OakTree3_Interactive 1.prefab,canRespawn,Can Respawn,TRUE,Boolean,,,"Pengaturan Can Respawn pada data game. Nilai awal berasal dari asset, bukan contoh. Lihat Inspector untuk konteks entri."
e32a06116daf4ae4da6fbc6ad4d487eb,1941905062422378443,P_OakTree3_Interactive 1,Assets/Nature  Paradaise/Resources/Prefabs/Trees/P_OakTree3_Interactive 1.prefab,damagePerHit,Damage Per Hit,1,Integer,1,,"Pengaturan Damage Per Hit pada data game. Nilai awal berasal dari asset, bukan contoh. Lihat Inspector untuk konteks entri."
e32a06116daf4ae4da6fbc6ad4d487eb,1941905062422378443,P_OakTree3_Interactive 1,Assets/Nature  Paradaise/Resources/Prefabs/Trees/P_OakTree3_Interactive 1.prefab,maximumRespawnDays,Maximum Respawn Days,7,Integer,1,,Durasi dalam hari game.
e32a06116daf4ae4da6fbc6ad4d487eb,1941905062422378443,P_OakTree3_Interactive 1,Assets/Nature  Paradaise/Resources/Prefabs/Trees/P_OakTree3_Interactive 1.prefab,minimumAxeLevel,Minimum Axe Level,1,Integer,1,,"Pengaturan Minimum Axe Level pada data game. Nilai awal berasal dari asset, bukan contoh. Lihat Inspector untuk konteks entri."
e32a06116daf4ae4da6fbc6ad4d487eb,1941905062422378443,P_OakTree3_Interactive 1,Assets/Nature  Paradaise/Resources/Prefabs/Trees/P_OakTree3_Interactive 1.prefab,minimumRespawnDays,Minimum Respawn Days,4,Integer,1,,Durasi dalam hari game.
e32a06116daf4ae4da6fbc6ad4d487eb,1941905062422378443,P_OakTree3_Interactive 1,Assets/Nature  Paradaise/Resources/Prefabs/Trees/P_OakTree3_Interactive 1.prefab,standingDurability,Standing Durability,5,Integer,1,,Ketahanan resource sebelum habis; berkurang saat dipukul.
e32a06116daf4ae4da6fbc6ad4d487eb,1941905062422378443,P_OakTree3_Interactive 1,Assets/Nature  Paradaise/Resources/Prefabs/Trees/P_OakTree3_Interactive 1.prefab,standingWoodMaximum,Standing Wood Maximum,5,Integer,1,,Batas jumlah Wood yang dijatuhkan batang/tunggul.
e32a06116daf4ae4da6fbc6ad4d487eb,1941905062422378443,P_OakTree3_Interactive 1,Assets/Nature  Paradaise/Resources/Prefabs/Trees/P_OakTree3_Interactive 1.prefab,standingWoodMinimum,Standing Wood Minimum,3,Integer,1,,Batas jumlah Wood yang dijatuhkan batang/tunggul.
e32a06116daf4ae4da6fbc6ad4d487eb,1941905062422378443,P_OakTree3_Interactive 1,Assets/Nature  Paradaise/Resources/Prefabs/Trees/P_OakTree3_Interactive 1.prefab,stumpDurability,Stump Durability,3,Integer,1,,Ketahanan resource sebelum habis; berkurang saat dipukul.
e32a06116daf4ae4da6fbc6ad4d487eb,1941905062422378443,P_OakTree3_Interactive 1,Assets/Nature  Paradaise/Resources/Prefabs/Trees/P_OakTree3_Interactive 1.prefab,stumpWoodMaximum,Stump Wood Maximum,2,Integer,1,,Batas jumlah Wood yang dijatuhkan batang/tunggul.
e32a06116daf4ae4da6fbc6ad4d487eb,1941905062422378443,P_OakTree3_Interactive 1,Assets/Nature  Paradaise/Resources/Prefabs/Trees/P_OakTree3_Interactive 1.prefab,stumpWoodMinimum,Stump Wood Minimum,1,Integer,1,,Batas jumlah Wood yang dijatuhkan batang/tunggul.
